         h,      error stem:[P_1],      error stem:[P_2]
    0.4000, 1.41593e-01, 4.87932e-04
    0.2000, 2.62996e-02, 1.65709e-05
    0.1000, 5.73876e-03, 7.86831e-07
    0.0500, 1.34419e-03, 4.31428e-08
    0.0250, 3.36079e-04, 2.69659e-09
